{
    "d" : {
      "results" : [
        {
          "__metadata" : {
            "id" : "https://vhicwds4ci.sap.gm3global.com:44300/sap/opu/odata/SAP/ZIM_OGA_SRV/ZsdWerksShSet('0001')",
            "uri" : "https://vhicwds4ci.sap.gm3global.com:44300/sap/opu/odata/SAP/ZIM_OGA_SRV/ZsdWerksShSet('0001')",
            "type" : "ZIM_OGA_SRV.ZsdWerksSh"
          },
          "Werks" : "0001",
          "Name1" : "Werk 0001"
        },
        {
          "__metadata" : {
            "id" : "https://vhicwds4ci.sap.gm3global.com:44300/sap/opu/odata/SAP/ZIM_OGA_SRV/ZsdWerksShSet('0003')",
            "uri" : "https://vhicwds4ci.sap.gm3global.com:44300/sap/opu/odata/SAP/ZIM_OGA_SRV/ZsdWerksShSet('0003')",
            "type" : "ZIM_OGA_SRV.ZsdWerksSh"
          },
          "Werks" : "0003",
          "Name1" : "Plant 0003 (is-ht-sw)"
        },
        {
          "__metadata" : {
            "id" : "https://vhicwds4ci.sap.gm3global.com:44300/sap/opu/odata/SAP/ZIM_OGA_SRV/ZsdWerksShSet('3010')",
            "uri" : "https://vhicwds4ci.sap.gm3global.com:44300/sap/opu/odata/SAP/ZIM_OGA_SRV/ZsdWerksShSet('3010')",
            "type" : "ZIM_OGA_SRV.ZsdWerksSh"
          },
          "Werks" : "3010",
          "Name1" : "Plant 1 AU"
        },
        {
          "__metadata" : {
            "id" : "https://vhicwds4ci.sap.gm3global.com:44300/sap/opu/odata/SAP/ZIM_OGA_SRV/ZsdWerksShSet('9999')",
            "uri" : "https://vhicwds4ci.sap.gm3global.com:44300/sap/opu/odata/SAP/ZIM_OGA_SRV/ZsdWerksShSet('9999')",
            "type" : "ZIM_OGA_SRV.ZsdWerksSh"
          },
          "Werks" : "9999",
          "Name1" : "RM@FS"
        },
        {
          "__metadata" : {
            "id" : "https://vhicwds4ci.sap.gm3global.com:44300/sap/opu/odata/SAP/ZIM_OGA_SRV/ZsdWerksShSet('C701')",
            "uri" : "https://vhicwds4ci.sap.gm3global.com:44300/sap/opu/odata/SAP/ZIM_OGA_SRV/ZsdWerksShSet('C701')",
            "type" : "ZIM_OGA_SRV.ZsdWerksSh"
          },
          "Werks" : "C701",
          "Name1" : "DNU-Westcliff CPP Stocks"
        },
        {
          "__metadata" : {
            "id" : "https://vhicwds4ci.sap.gm3global.com:44300/sap/opu/odata/SAP/ZIM_OGA_SRV/ZsdWerksShSet('C702')",
            "uri" : "https://vhicwds4ci.sap.gm3global.com:44300/sap/opu/odata/SAP/ZIM_OGA_SRV/ZsdWerksShSet('C702')",
            "type" : "ZIM_OGA_SRV.ZsdWerksSh"
          },
          "Werks" : "C702",
          "Name1" : "DNU-Appin CPP"
        },
        {
          "__metadata" : {
            "id" : "https://vhicwds4ci.sap.gm3global.com:44300/sap/opu/odata/SAP/ZIM_OGA_SRV/ZsdWerksShSet('C703')",
            "uri" : "https://vhicwds4ci.sap.gm3global.com:44300/sap/opu/odata/SAP/ZIM_OGA_SRV/ZsdWerksShSet('C703')",
            "type" : "ZIM_OGA_SRV.ZsdWerksSh"
          },
          "Werks" : "C703",
          "Name1" : "DNU-Dendrobium CPP Stocks"
        },
        {
          "__metadata" : {
            "id" : "https://vhicwds4ci.sap.gm3global.com:44300/sap/opu/odata/SAP/ZIM_OGA_SRV/ZsdWerksShSet('C704')",
            "uri" : "https://vhicwds4ci.sap.gm3global.com:44300/sap/opu/odata/SAP/ZIM_OGA_SRV/ZsdWerksShSet('C704')",
            "type" : "ZIM_OGA_SRV.ZsdWerksSh"
          },
          "Werks" : "C704",
          "Name1" : "DNU-Coal Wash Emplacement"
        },
        {
          "__metadata" : {
            "id" : "https://vhicwds4ci.sap.gm3global.com:44300/sap/opu/odata/SAP/ZIM_OGA_SRV/ZsdWerksShSet('C705')",
            "uri" : "https://vhicwds4ci.sap.gm3global.com:44300/sap/opu/odata/SAP/ZIM_OGA_SRV/ZsdWerksShSet('C705')",
            "type" : "ZIM_OGA_SRV.ZsdWerksSh"
          },
          "Werks" : "C705",
          "Name1" : "DNU-Elouera Mine"
        },
        {
          "__metadata" : {
            "id" : "https://vhicwds4ci.sap.gm3global.com:44300/sap/opu/odata/SAP/ZIM_OGA_SRV/ZsdWerksShSet('C706')",
            "uri" : "https://vhicwds4ci.sap.gm3global.com:44300/sap/opu/odata/SAP/ZIM_OGA_SRV/ZsdWerksShSet('C706')",
            "type" : "ZIM_OGA_SRV.ZsdWerksSh"
          },
          "Werks" : "C706",
          "Name1" : "DNU-Dendrobium Mine"
        },
        {
          "__metadata" : {
            "id" : "https://vhicwds4ci.sap.gm3global.com:44300/sap/opu/odata/SAP/ZIM_OGA_SRV/ZsdWerksShSet('C707')",
            "uri" : "https://vhicwds4ci.sap.gm3global.com:44300/sap/opu/odata/SAP/ZIM_OGA_SRV/ZsdWerksShSet('C707')",
            "type" : "ZIM_OGA_SRV.ZsdWerksSh"
          },
          "Werks" : "C707",
          "Name1" : "DNU-Westcliff Mine"
        },
        {
          "__metadata" : {
            "id" : "https://vhicwds4ci.sap.gm3global.com:44300/sap/opu/odata/SAP/ZIM_OGA_SRV/ZsdWerksShSet('C708')",
            "uri" : "https://vhicwds4ci.sap.gm3global.com:44300/sap/opu/odata/SAP/ZIM_OGA_SRV/ZsdWerksShSet('C708')",
            "type" : "ZIM_OGA_SRV.ZsdWerksSh"
          },
          "Werks" : "C708",
          "Name1" : "DNU-Appin Mine"
        },
        {
          "__metadata" : {
            "id" : "https://vhicwds4ci.sap.gm3global.com:44300/sap/opu/odata/SAP/ZIM_OGA_SRV/ZsdWerksShSet('C709')",
            "uri" : "https://vhicwds4ci.sap.gm3global.com:44300/sap/opu/odata/SAP/ZIM_OGA_SRV/ZsdWerksShSet('C709')",
            "type" : "ZIM_OGA_SRV.ZsdWerksSh"
          },
          "Werks" : "C709",
          "Name1" : "Cordeaux Colliery"
        },
        {
          "__metadata" : {
            "id" : "https://vhicwds4ci.sap.gm3global.com:44300/sap/opu/odata/SAP/ZIM_OGA_SRV/ZsdWerksShSet('C715')",
            "uri" : "https://vhicwds4ci.sap.gm3global.com:44300/sap/opu/odata/SAP/ZIM_OGA_SRV/ZsdWerksShSet('C715')",
            "type" : "ZIM_OGA_SRV.ZsdWerksSh"
          },
          "Werks" : "C715",
          "Name1" : "Bluescope Beds"
        },
        {
          "__metadata" : {
            "id" : "https://vhicwds4ci.sap.gm3global.com:44300/sap/opu/odata/SAP/ZIM_OGA_SRV/ZsdWerksShSet('C716')",
            "uri" : "https://vhicwds4ci.sap.gm3global.com:44300/sap/opu/odata/SAP/ZIM_OGA_SRV/ZsdWerksShSet('C716')",
            "type" : "ZIM_OGA_SRV.ZsdWerksSh"
          },
          "Werks" : "C716",
          "Name1" : "Domestic Road/Rail Sales"
        },
        {
          "__metadata" : {
            "id" : "https://vhicwds4ci.sap.gm3global.com:44300/sap/opu/odata/SAP/ZIM_OGA_SRV/ZsdWerksShSet('C721')",
            "uri" : "https://vhicwds4ci.sap.gm3global.com:44300/sap/opu/odata/SAP/ZIM_OGA_SRV/ZsdWerksShSet('C721')",
            "type" : "ZIM_OGA_SRV.ZsdWerksSh"
          },
          "Werks" : "C721",
          "Name1" : "Port Kembla Coal Terminal"
        },
        {
          "__metadata" : {
            "id" : "https://vhicwds4ci.sap.gm3global.com:44300/sap/opu/odata/SAP/ZIM_OGA_SRV/ZsdWerksShSet('C722')",
            "uri" : "https://vhicwds4ci.sap.gm3global.com:44300/sap/opu/odata/SAP/ZIM_OGA_SRV/ZsdWerksShSet('C722')",
            "type" : "ZIM_OGA_SRV.ZsdWerksSh"
          },
          "Werks" : "C722",
          "Name1" : "Port Kembla Bluescope Berths"
        },
        {
          "__metadata" : {
            "id" : "https://vhicwds4ci.sap.gm3global.com:44300/sap/opu/odata/SAP/ZIM_OGA_SRV/ZsdWerksShSet('C740')",
            "uri" : "https://vhicwds4ci.sap.gm3global.com:44300/sap/opu/odata/SAP/ZIM_OGA_SRV/ZsdWerksShSet('C740')",
            "type" : "ZIM_OGA_SRV.ZsdWerksSh"
          },
          "Werks" : "C740",
          "Name1" : "External Buy-In"
        },
        {
          "__metadata" : {
            "id" : "https://vhicwds4ci.sap.gm3global.com:44300/sap/opu/odata/SAP/ZIM_OGA_SRV/ZsdWerksShSet('C781')",
            "uri" : "https://vhicwds4ci.sap.gm3global.com:44300/sap/opu/odata/SAP/ZIM_OGA_SRV/ZsdWerksShSet('C781')",
            "type" : "ZIM_OGA_SRV.ZsdWerksSh"
          },
          "Werks" : "C781",
          "Name1" : "Illawarra Paper Trade"
        },
        {
          "__metadata" : {
            "id" : "https://vhicwds4ci.sap.gm3global.com:44300/sap/opu/odata/SAP/ZIM_OGA_SRV/ZsdWerksShSet('C790')",
            "uri" : "https://vhicwds4ci.sap.gm3global.com:44300/sap/opu/odata/SAP/ZIM_OGA_SRV/ZsdWerksShSet('C790')",
            "type" : "ZIM_OGA_SRV.ZsdWerksSh"
          },
          "Werks" : "C790",
          "Name1" : "Illawarra Coal Head Office"
        },
        {
          "__metadata" : {
            "id" : "https://vhicwds4ci.sap.gm3global.com:44300/sap/opu/odata/SAP/ZIM_OGA_SRV/ZsdWerksShSet('C791')",
            "uri" : "https://vhicwds4ci.sap.gm3global.com:44300/sap/opu/odata/SAP/ZIM_OGA_SRV/ZsdWerksShSet('C791')",
            "type" : "ZIM_OGA_SRV.ZsdWerksSh"
          },
          "Werks" : "C791",
          "Name1" : "Illawarra Coal Utilities"
        },
        {
          "__metadata" : {
            "id" : "https://vhicwds4ci.sap.gm3global.com:44300/sap/opu/odata/SAP/ZIM_OGA_SRV/ZsdWerksShSet('C799')",
            "uri" : "https://vhicwds4ci.sap.gm3global.com:44300/sap/opu/odata/SAP/ZIM_OGA_SRV/ZsdWerksShSet('C799')",
            "type" : "ZIM_OGA_SRV.ZsdWerksSh"
          },
          "Werks" : "C799",
          "Name1" : "Illawarra Holdings Service Pla"
        },
        {
          "__metadata" : {
            "id" : "https://vhicwds4ci.sap.gm3global.com:44300/sap/opu/odata/SAP/ZIM_OGA_SRV/ZsdWerksShSet('CD01')",
            "uri" : "https://vhicwds4ci.sap.gm3global.com:44300/sap/opu/odata/SAP/ZIM_OGA_SRV/ZsdWerksShSet('CD01')",
            "type" : "ZIM_OGA_SRV.ZsdWerksSh"
          },
          "Werks" : "CD01",
          "Name1" : "Appin North Mine"
        },
        {
          "__metadata" : {
            "id" : "https://vhicwds4ci.sap.gm3global.com:44300/sap/opu/odata/SAP/ZIM_OGA_SRV/ZsdWerksShSet('CD02')",
            "uri" : "https://vhicwds4ci.sap.gm3global.com:44300/sap/opu/odata/SAP/ZIM_OGA_SRV/ZsdWerksShSet('CD02')",
            "type" : "ZIM_OGA_SRV.ZsdWerksSh"
          },
          "Werks" : "CD02",
          "Name1" : "Appin West Mine"
        },
        {
          "__metadata" : {
            "id" : "https://vhicwds4ci.sap.gm3global.com:44300/sap/opu/odata/SAP/ZIM_OGA_SRV/ZsdWerksShSet('CD03')",
            "uri" : "https://vhicwds4ci.sap.gm3global.com:44300/sap/opu/odata/SAP/ZIM_OGA_SRV/ZsdWerksShSet('CD03')",
            "type" : "ZIM_OGA_SRV.ZsdWerksSh"
          },
          "Werks" : "CD03",
          "Name1" : "Appin East Mine"
        },
        {
          "__metadata" : {
            "id" : "https://vhicwds4ci.sap.gm3global.com:44300/sap/opu/odata/SAP/ZIM_OGA_SRV/ZsdWerksShSet('CD11')",
            "uri" : "https://vhicwds4ci.sap.gm3global.com:44300/sap/opu/odata/SAP/ZIM_OGA_SRV/ZsdWerksShSet('CD11')",
            "type" : "ZIM_OGA_SRV.ZsdWerksSh"
          },
          "Werks" : "CD11",
          "Name1" : "Westcliff CPP"
        },
        {
          "__metadata" : {
            "id" : "https://vhicwds4ci.sap.gm3global.com:44300/sap/opu/odata/SAP/ZIM_OGA_SRV/ZsdWerksShSet('CD12')",
            "uri" : "https://vhicwds4ci.sap.gm3global.com:44300/sap/opu/odata/SAP/ZIM_OGA_SRV/ZsdWerksShSet('CD12')",
            "type" : "ZIM_OGA_SRV.ZsdWerksSh"
          },
          "Werks" : "CD12",
          "Name1" : "Coal Wash Emplacement"
        },
        {
          "__metadata" : {
            "id" : "https://vhicwds4ci.sap.gm3global.com:44300/sap/opu/odata/SAP/ZIM_OGA_SRV/ZsdWerksShSet('CD99')",
            "uri" : "https://vhicwds4ci.sap.gm3global.com:44300/sap/opu/odata/SAP/ZIM_OGA_SRV/ZsdWerksShSet('CD99')",
            "type" : "ZIM_OGA_SRV.ZsdWerksSh"
          },
          "Werks" : "CD99",
          "Name1" : "Endeavour Coal Service Plant"
        },
        {
          "__metadata" : {
            "id" : "https://vhicwds4ci.sap.gm3global.com:44300/sap/opu/odata/SAP/ZIM_OGA_SRV/ZsdWerksShSet('CE11')",
            "uri" : "https://vhicwds4ci.sap.gm3global.com:44300/sap/opu/odata/SAP/ZIM_OGA_SRV/ZsdWerksShSet('CE11')",
            "type" : "ZIM_OGA_SRV.ZsdWerksSh"
          },
          "Werks" : "CE11",
          "Name1" : "Dendrobium CPP"
        },
        {
          "__metadata" : {
            "id" : "https://vhicwds4ci.sap.gm3global.com:44300/sap/opu/odata/SAP/ZIM_OGA_SRV/ZsdWerksShSet('CE99')",
            "uri" : "https://vhicwds4ci.sap.gm3global.com:44300/sap/opu/odata/SAP/ZIM_OGA_SRV/ZsdWerksShSet('CE99')",
            "type" : "ZIM_OGA_SRV.ZsdWerksSh"
          },
          "Werks" : "CE99",
          "Name1" : "Cordeaux"
        },
        {
          "__metadata" : {
            "id" : "https://vhicwds4ci.sap.gm3global.com:44300/sap/opu/odata/SAP/ZIM_OGA_SRV/ZsdWerksShSet('CF01')",
            "uri" : "https://vhicwds4ci.sap.gm3global.com:44300/sap/opu/odata/SAP/ZIM_OGA_SRV/ZsdWerksShSet('CF01')",
            "type" : "ZIM_OGA_SRV.ZsdWerksSh"
          },
          "Werks" : "CF01",
          "Name1" : "Dendrobium Mine"
        },
        {
          "__metadata" : {
            "id" : "https://vhicwds4ci.sap.gm3global.com:44300/sap/opu/odata/SAP/ZIM_OGA_SRV/ZsdWerksShSet('CF99')",
            "uri" : "https://vhicwds4ci.sap.gm3global.com:44300/sap/opu/odata/SAP/ZIM_OGA_SRV/ZsdWerksShSet('CF99')",
            "type" : "ZIM_OGA_SRV.ZsdWerksSh"
          },
          "Werks" : "CF99",
          "Name1" : "Dendrobium Coal Service Plant"
        }
      ]
    }
  }
  