{
    "ProductItems": [
        {
            "ProductId": "P001",
            "ProductName": "Laptop",
            "Price": 1000,
            "CurrencyCode": "USD"
        },
        {
            "ProductId": "P002",
            "ProductName": "Smartphone",
            "Price": 800,
            "CurrencyCode": "EUR"
        },
        {
            "ProductId": "P003",
            "ProductName": "Tablet",
            "Price": 600,
            "CurrencyCode": "JPY"
        },
        {
            "ProductId": "P004",
            "ProductName": "Headphones",
            "Price": 200,
            "CurrencyCode": "GBP"
        },
        {
            "ProductId": "P005",
            "ProductName": "Smartwatch",
            "Price": 300,
            "CurrencyCode": "AUD"
        }
    ]
}